<?xml version="1.0" encoding="UTF-8"?>
<document type="com.apple.InterfaceBuilder3.CocoaTouch.Storyboard.XIB" version="3.0" toolsVersion="14460.31" targetRuntime="iOS.CocoaTouch" propertyAccessControl="none" useAutolayout="YES" useTraitCollections="YES" useSafeAreas="YES" colorMatched="YES" initialViewController="BYZ-38-t0r">
    <device id="retina4_7" orientation="portrait">
        <adaptation id="fullscreen"/>
    </device>
    <dependencies>
        <deployment identifier="iOS"/>
        <plugIn identifier="com.apple.InterfaceBuilder.IBCocoaTouchPlugin" version="14460.20"/>
        <capability name="Safe area layout guides" minToolsVersion="9.0"/>
        <capability name="documents saved in the Xcode 8 format" minToolsVersion="8.0"/>
    </dependencies>
    <scenes>
        <!--Sign In View Controller-->
        <scene sceneID="tne-QT-ifu">
            <objects>
                <viewController storyboardIdentifier="SignInViewController" id="BYZ-38-t0r" customClass="SignInViewController" customModule="LoginPractise" customModuleProvider="target" sceneMemberID="viewController">
                    <view key="view" contentMode="scaleToFill" id="8bC-Xf-vdC">
                        <rect key="frame" x="0.0" y="0.0" width="375" height="667"/>
                        <autoresizingMask key="autoresizingMask" widthSizable="YES" heightSizable="YES"/>
                        <subviews>
                            <label opaque="NO" userInteractionEnabled="NO" contentMode="left" horizontalHuggingPriority="251" verticalHuggingPriority="251" text="Sign In" textAlignment="natural" lineBreakMode="tailTruncation" baselineAdjustment="alignBaselines" adjustsFontSizeToFit="NO" translatesAutoresizingMaskIntoConstraints="NO" id="puY-D8-4h7">
                                <rect key="frame" x="16" y="33" width="343" height="22"/>
                                <fontDescription key="fontDescription" type="boldSystem" pointSize="18"/>
                                <nil key="textColor"/>
                                <nil key="highlightedColor"/>
                            </label>
                            <textField opaque="NO" contentMode="scaleToFill" contentHorizontalAlignment="left" contentVerticalAlignment="center" borderStyle="roundedRect" placeholder="Username" textAlignment="natural" minimumFontSize="17" clearButtonMode="always" translatesAutoresizingMaskIntoConstraints="NO" id="ota-eD-zc8">
                                <rect key="frame" x="16" y="63" width="343" height="30"/>
                                <nil key="textColor"/>
                                <fontDescription key="fontDescription" type="system" pointSize="14"/>
                                <textInputTraits key="textInputTraits" textContentType="username"/>
                            </textField>
                            <textField opaque="NO" contentMode="scaleToFill" contentHorizontalAlignment="left" contentVerticalAlignment="center" borderStyle="roundedRect" placeholder="Password" textAlignment="natural" minimumFontSize="17" clearButtonMode="always" translatesAutoresizingMaskIntoConstraints="NO" id="ffw-8D-wFM">
                                <rect key="frame" x="16" y="101" width="343" height="30"/>
                                <nil key="textColor"/>
                                <fontDescription key="fontDescription" type="system" pointSize="14"/>
                                <textInputTraits key="textInputTraits" secureTextEntry="YES"/>
                            </textField>
                            <button opaque="NO" contentMode="scaleToFill" contentHorizontalAlignment="center" contentVerticalAlignment="center" buttonType="roundedRect" lineBreakMode="middleTruncation" translatesAutoresizingMaskIntoConstraints="NO" id="SM5-DX-F91">
                                <rect key="frame" x="164" y="139" width="47" height="30"/>
                                <state key="normal" title="Sign In"/>
                                <connections>
                                    <action selector="signInButtonTapped:" destination="BYZ-38-t0r" eventType="touchUpInside" id="70H-Ag-DY2"/>
                                </connections>
                            </button>
                            <label opaque="NO" userInteractionEnabled="NO" contentMode="left" horizontalHuggingPriority="251" verticalHuggingPriority="251" text="Don't Have an Account?" textAlignment="center" lineBreakMode="tailTruncation" baselineAdjustment="alignBaselines" adjustsFontSizeToFit="NO" translatesAutoresizingMaskIntoConstraints="NO" id="Xyu-Zn-gf8">
                                <rect key="frame" x="16" y="174" width="343" height="21"/>
                                <fontDescription key="fontDescription" type="system" pointSize="17"/>
                                <nil key="textColor"/>
                                <nil key="highlightedColor"/>
                            </label>
                            <button opaque="NO" contentMode="scaleToFill" misplaced="YES" contentHorizontalAlignment="center" contentVerticalAlignment="center" buttonType="roundedRect" lineBreakMode="middleTruncation" translatesAutoresizingMaskIntoConstraints="NO" id="nfT-Gu-5cd">
                                <rect key="frame" x="93" y="202" width="190" height="30"/>
                                <color key="backgroundColor" red="1" green="0.82816892060000002" blue="0.048936848370000001" alpha="1" colorSpace="custom" customColorSpace="sRGB"/>
                                <state key="normal" title="Register New Account">
                                    <color key="titleColor" white="1" alpha="1" colorSpace="custom" customColorSpace="genericGamma22GrayColorSpace"/>
                                </state>
                                <connections>
                                    <action selector="registerNewAccountButtonTapped:" destination="BYZ-38-t0r" eventType="touchUpInside" id="Cot-u0-ZBu"/>
                                    <segue destination="qce-sR-fvh" kind="show" id="gMk-2y-4lc"/>
                                </connections>
                            </button>
                        </subviews>
                        <color key="backgroundColor" red="1" green="1" blue="1" alpha="1" colorSpace="custom" customColorSpace="sRGB"/>
                        <constraints>
                            <constraint firstItem="Xyu-Zn-gf8" firstAttribute="centerX" secondItem="nfT-Gu-5cd" secondAttribute="centerX" id="1U4-EE-dpC"/>
                            <constraint firstItem="puY-D8-4h7" firstAttribute="trailing" secondItem="8bC-Xf-vdC" secondAttribute="trailingMargin" id="1tj-nE-9jF"/>
                            <constraint firstItem="ffw-8D-wFM" firstAttribute="trailing" secondItem="Xyu-Zn-gf8" secondAttribute="trailing" id="89o-fp-OwR"/>
                            <constraint firstItem="ffw-8D-wFM" firstAttribute="leading" secondItem="Xyu-Zn-gf8" secondAttribute="leading" id="9OR-IK-RL0"/>
                            <constraint firstItem="puY-D8-4h7" firstAttribute="trailing" secondItem="ota-eD-zc8" secondAttribute="trailing" id="9dX-aR-Heu"/>
                            <constraint firstItem="nfT-Gu-5cd" firstAttribute="leading" secondItem="6Tk-OE-BBY" secondAttribute="leading" constant="93" id="Bed-M9-LQV"/>
                            <constraint firstItem="ota-eD-zc8" firstAttribute="leading" secondItem="ffw-8D-wFM" secondAttribute="leading" id="EM7-Pi-H8H"/>
                            <constraint firstItem="nfT-Gu-5cd" firstAttribute="top" secondItem="Xyu-Zn-gf8" secondAttribute="bottom" constant="8" symbolic="YES" id="FR3-Da-7Gf"/>
                            <constraint firstItem="Xyu-Zn-gf8" firstAttribute="top" secondItem="SM5-DX-F91" secondAttribute="bottom" constant="5" id="MkX-aT-TfL"/>
                            <constraint firstItem="ota-eD-zc8" firstAttribute="trailing" secondItem="ffw-8D-wFM" secondAttribute="trailing" id="OhH-8W-Feo"/>
                            <constraint firstItem="puY-D8-4h7" firstAttribute="leading" secondItem="ota-eD-zc8" secondAttribute="leading" id="PAS-eN-rm8"/>
                            <constraint firstItem="puY-D8-4h7" firstAttribute="leading" secondItem="8bC-Xf-vdC" secondAttribute="leadingMargin" id="a6f-ww-z6p"/>
                            <constraint firstItem="SM5-DX-F91" firstAttribute="top" secondItem="ffw-8D-wFM" secondAttribute="bottom" constant="8" symbolic="YES" id="c0d-Qn-kov"/>
                            <constraint firstItem="SM5-DX-F91" firstAttribute="centerX" secondItem="Xyu-Zn-gf8" secondAttribute="centerX" id="ijo-ct-Rol"/>
                            <constraint firstItem="ffw-8D-wFM" firstAttribute="top" secondItem="ota-eD-zc8" secondAttribute="bottom" constant="8" symbolic="YES" id="nxx-K8-Dfv"/>
                            <constraint firstItem="puY-D8-4h7" firstAttribute="top" secondItem="6Tk-OE-BBY" secondAttribute="top" constant="13" id="uxm-Zf-QaL"/>
                            <constraint firstItem="ota-eD-zc8" firstAttribute="top" secondItem="puY-D8-4h7" secondAttribute="bottom" constant="8" symbolic="YES" id="xDU-hI-Yt4"/>
                        </constraints>
                        <viewLayoutGuide key="safeArea" id="6Tk-OE-BBY"/>
                    </view>
                    <connections>
                        <outlet property="UsernameTextField" destination="ota-eD-zc8" id="W7M-Mk-LlZ"/>
                        <outlet property="passwordTextField" destination="ffw-8D-wFM" id="zrA-oS-eMJ"/>
                    </connections>
                </viewController>
                <placeholder placeholderIdentifier="IBFirstResponder" id="dkx-z0-nzr" sceneMemberID="firstResponder"/>
            </objects>
            <point key="canvasLocation" x="136.80000000000001" y="133.5832083958021"/>
        </scene>
        <!--Register User View Controller-->
        <scene sceneID="nmW-KD-YDY">
            <objects>
                <viewController storyboardIdentifier="RegisterUserViewController" id="qce-sR-fvh" customClass="RegisterUserViewController" customModule="LoginPractise" customModuleProvider="target" sceneMemberID="viewController">
                    <view key="view" contentMode="scaleToFill" id="e6T-fR-kH9">
                        <rect key="frame" x="0.0" y="0.0" width="375" height="667"/>
                        <autoresizingMask key="autoresizingMask" widthSizable="YES" heightSizable="YES"/>
                        <subviews>
                            <label opaque="NO" userInteractionEnabled="NO" contentMode="left" horizontalHuggingPriority="251" verticalHuggingPriority="251" text="Register New Account" textAlignment="natural" lineBreakMode="tailTruncation" baselineAdjustment="alignBaselines" adjustsFontSizeToFit="NO" translatesAutoresizingMaskIntoConstraints="NO" id="clS-am-oB4">
                                <rect key="frame" x="16" y="31" width="182" height="21"/>
                                <fontDescription key="fontDescription" type="boldSystem" pointSize="17"/>
                                <nil key="textColor"/>
                                <nil key="highlightedColor"/>
                            </label>
                            <textField opaque="NO" contentMode="scaleToFill" contentHorizontalAlignment="left" contentVerticalAlignment="center" borderStyle="roundedRect" placeholder="First Name" textAlignment="natural" minimumFontSize="17" clearButtonMode="always" translatesAutoresizingMaskIntoConstraints="NO" id="BgM-vV-Ebe">
                                <rect key="frame" x="16" y="60" width="140" height="30"/>
                                <constraints>
                                    <constraint firstAttribute="width" constant="140" id="awy-xL-qlZ"/>
                                </constraints>
                                <nil key="textColor"/>
                                <fontDescription key="fontDescription" type="system" pointSize="14"/>
                                <textInputTraits key="textInputTraits"/>
                            </textField>
                            <textField opaque="NO" contentMode="scaleToFill" contentHorizontalAlignment="left" contentVerticalAlignment="center" borderStyle="roundedRect" placeholder="Last Name" textAlignment="natural" minimumFontSize="17" clearButtonMode="always" translatesAutoresizingMaskIntoConstraints="NO" id="Rmg-FO-gUi">
                                <rect key="frame" x="164" y="60" width="195" height="30"/>
                                <nil key="textColor"/>
                                <fontDescription key="fontDescription" type="system" pointSize="14"/>
                                <textInputTraits key="textInputTraits"/>
                            </textField>
                            <textField opaque="NO" contentMode="scaleToFill" contentHorizontalAlignment="left" contentVerticalAlignment="center" borderStyle="roundedRect" placeholder="Email Address" textAlignment="natural" minimumFontSize="17" clearButtonMode="always" translatesAutoresizingMaskIntoConstraints="NO" id="huW-6M-26v">
                                <rect key="frame" x="16" y="98" width="343" height="30"/>
                                <nil key="textColor"/>
                                <fontDescription key="fontDescription" type="system" pointSize="14"/>
                                <textInputTraits key="textInputTraits" keyboardType="emailAddress"/>
                            </textField>
                            <textField opaque="NO" contentMode="scaleToFill" contentHorizontalAlignment="left" contentVerticalAlignment="center" borderStyle="roundedRect" placeholder="Password" textAlignment="natural" minimumFontSize="17" clearButtonMode="always" translatesAutoresizingMaskIntoConstraints="NO" id="fnm-Ae-0hm">
                                <rect key="frame" x="16" y="136" width="343" height="30"/>
                                <nil key="textColor"/>
                                <fontDescription key="fontDescription" type="system" pointSize="14"/>
                                <textInputTraits key="textInputTraits" secureTextEntry="YES"/>
                            </textField>
                            <textField opaque="NO" contentMode="scaleToFill" contentHorizontalAlignment="left" contentVerticalAlignment="center" borderStyle="roundedRect" placeholder="Re-enter Password" textAlignment="natural" minimumFontSize="17" clearButtonMode="always" translatesAutoresizingMaskIntoConstraints="NO" id="lCU-y1-LvL">
                                <rect key="frame" x="16" y="174" width="343" height="30"/>
                                <nil key="textColor"/>
                                <fontDescription key="fontDescription" type="system" pointSize="14"/>
                                <textInputTraits key="textInputTraits" secureTextEntry="YES"/>
                            </textField>
                            <button opaque="NO" contentMode="scaleToFill" contentHorizontalAlignment="center" contentVerticalAlignment="center" buttonType="roundedRect" lineBreakMode="middleTruncation" translatesAutoresizingMaskIntoConstraints="NO" id="xgu-WC-MIQ">
                                <rect key="frame" x="16" y="212" width="114" height="30"/>
                                <color key="backgroundColor" red="0.99690502882003784" green="0.024306952953338623" blue="0.019722441211342812" alpha="1" colorSpace="custom" customColorSpace="sRGB"/>
                                <constraints>
                                    <constraint firstAttribute="width" constant="114" id="kFl-5w-9bI"/>
                                </constraints>
                                <color key="tintColor" white="1" alpha="1" colorSpace="custom" customColorSpace="genericGamma22GrayColorSpace"/>
                                <state key="normal" title="Cancel"/>
                                <connections>
                                    <action selector="cancelButtonTapped:" destination="qce-sR-fvh" eventType="touchUpInside" id="APJ-MV-Ll3"/>
                                </connections>
                            </button>
                            <button opaque="NO" contentMode="scaleToFill" contentHorizontalAlignment="center" contentVerticalAlignment="center" buttonType="roundedRect" lineBreakMode="middleTruncation" translatesAutoresizingMaskIntoConstraints="NO" id="inh-br-sQF">
                                <rect key="frame" x="245" y="212" width="114" height="30"/>
                                <color key="backgroundColor" red="1" green="0.82816892060000002" blue="0.048936848370000001" alpha="1" colorSpace="custom" customColorSpace="sRGB"/>
                                <constraints>
                                    <constraint firstAttribute="width" constant="114" id="3JH-ye-Oda"/>
                                </constraints>
                                <color key="tintColor" white="1" alpha="1" colorSpace="custom" customColorSpace="genericGamma22GrayColorSpace"/>
                                <state key="normal" title="Sign Up"/>
                                <connections>
                                    <action selector="signUpButtonTapped:" destination="qce-sR-fvh" eventType="touchUpInside" id="tGo-r4-eTq"/>
                                </connections>
                            </button>
                        </subviews>
                        <color key="backgroundColor" white="1" alpha="1" colorSpace="custom" customColorSpace="genericGamma22GrayColorSpace"/>
                        <constraints>
                            <constraint firstItem="huW-6M-26v" firstAttribute="trailing" secondItem="fnm-Ae-0hm" secondAttribute="trailing" id="05d-MX-y60"/>
                            <constraint firstItem="Rmg-FO-gUi" firstAttribute="trailing" secondItem="e6T-fR-kH9" secondAttribute="trailingMargin" id="0E8-hS-UAt"/>
                            <constraint firstItem="xgu-WC-MIQ" firstAttribute="top" secondItem="lCU-y1-LvL" secondAttribute="bottom" constant="8" symbolic="YES" id="2XZ-FT-8Ye"/>
                            <constraint firstItem="lCU-y1-LvL" firstAttribute="top" secondItem="fnm-Ae-0hm" secondAttribute="bottom" constant="8" symbolic="YES" id="3vG-Nl-4Rn"/>
                            <constraint firstItem="BgM-vV-Ebe" firstAttribute="leading" secondItem="huW-6M-26v" secondAttribute="leading" id="456-I0-HNR"/>
                            <constraint firstItem="huW-6M-26v" firstAttribute="top" secondItem="BgM-vV-Ebe" secondAttribute="bottom" constant="8" symbolic="YES" id="AiV-Dc-zrT"/>
                            <constraint firstItem="fnm-Ae-0hm" firstAttribute="leading" secondItem="lCU-y1-LvL" secondAttribute="leading" id="JHD-hx-0QK"/>
                            <constraint firstItem="fnm-Ae-0hm" firstAttribute="trailing" secondItem="lCU-y1-LvL" secondAttribute="trailing" id="PiZ-wV-91E"/>
                            <constraint firstItem="clS-am-oB4" firstAttribute="leading" secondItem="e6T-fR-kH9" secondAttribute="leadingMargin" id="TOD-wE-nSS"/>
                            <constraint firstItem="clS-am-oB4" firstAttribute="top" secondItem="Rgg-u9-R5L" secondAttribute="top" constant="11" id="VtU-uH-coT"/>
                            <constraint firstItem="xgu-WC-MIQ" firstAttribute="baseline" secondItem="inh-br-sQF" secondAttribute="baseline" id="a2m-tS-oAl"/>
                            <constraint firstItem="fnm-Ae-0hm" firstAttribute="top" secondItem="huW-6M-26v" secondAttribute="bottom" constant="8" symbolic="YES" id="c7s-ki-rh0"/>
                            <constraint firstItem="lCU-y1-LvL" firstAttribute="trailing" secondItem="inh-br-sQF" secondAttribute="trailing" id="dAc-iY-BVt"/>
                            <constraint firstItem="Rmg-FO-gUi" firstAttribute="leading" secondItem="BgM-vV-Ebe" secondAttribute="trailing" constant="8" symbolic="YES" id="ejj-dE-k2n"/>
                            <constraint firstItem="Rmg-FO-gUi" firstAttribute="trailing" secondItem="huW-6M-26v" secondAttribute="trailing" id="esC-Fq-SDB"/>
                            <constraint firstItem="BgM-vV-Ebe" firstAttribute="top" secondItem="clS-am-oB4" secondAttribute="bottom" constant="8" symbolic="YES" id="jgS-lr-uRO"/>
                            <constraint firstItem="BgM-vV-Ebe" firstAttribute="baseline" secondItem="Rmg-FO-gUi" secondAttribute="baseline" id="rr3-bd-vcC"/>
                            <constraint firstItem="lCU-y1-LvL" firstAttribute="leading" secondItem="xgu-WC-MIQ" secondAttribute="leading" id="uCA-yq-8HE"/>
                            <constraint firstItem="clS-am-oB4" firstAttribute="leading" secondItem="BgM-vV-Ebe" secondAttribute="leading" id="xod-l3-QtN"/>
                            <constraint firstItem="huW-6M-26v" firstAttribute="leading" secondItem="fnm-Ae-0hm" secondAttribute="leading" id="zec-A7-d9x"/>
                        </constraints>
                        <viewLayoutGuide key="safeArea" id="Rgg-u9-R5L"/>
                    </view>
                    <connections>
                        <outlet property="emailTestField" destination="huW-6M-26v" id="4iP-bV-dbP"/>
                        <outlet property="firstNameTextField" destination="BgM-vV-Ebe" id="jqK-RI-Ux6"/>
                        <outlet property="lastNameTextFeild" destination="Rmg-FO-gUi" id="hf4-aZ-egd"/>
                        <outlet property="passwordTextField" destination="fnm-Ae-0hm" id="n1u-xb-gC2"/>
                        <outlet property="reenterPasswordTextField" destination="lCU-y1-LvL" id="NK4-rF-WZf"/>
                    </connections>
                </viewController>
                <placeholder placeholderIdentifier="IBFirstResponder" id="8M7-EQ-ppi" userLabel="First Responder" sceneMemberID="firstResponder"/>
            </objects>
            <point key="canvasLocation" x="805.60000000000002" y="133.5832083958021"/>
        </scene>
        <!--Home Page View Controller-->
        <scene sceneID="hKt-5X-tCL">
            <objects>
                <viewController storyboardIdentifier="HomePageViewController" id="A98-Zc-jP6" customClass="HomePageViewController" customModule="LoginPractise" customModuleProvider="target" sceneMemberID="viewController">
                    <view key="view" contentMode="scaleToFill" id="4BY-ec-TIN">
                        <rect key="frame" x="0.0" y="0.0" width="375" height="667"/>
                        <autoresizingMask key="autoresizingMask" widthSizable="YES" heightSizable="YES"/>
                        <subviews>
                            <navigationBar contentMode="scaleToFill" fixedFrame="YES" translatesAutoresizingMaskIntoConstraints="NO" id="Khr-lK-JVr">
                                <rect key="frame" x="0.0" y="20" width="375" height="44"/>
                                <autoresizingMask key="autoresizingMask" widthSizable="YES" flexibleMaxY="YES"/>
                                <items>
                                    <navigationItem title="Home" id="hK3-UL-R7L">
                                        <barButtonItem key="leftBarButtonItem" title="Sign Out" id="nE5-lc-N2w">
                                            <connections>
                                                <action selector="signOutButtonTapped:" destination="A98-Zc-jP6" id="N90-Cr-2mH"/>
                                                <segue destination="BYZ-38-t0r" kind="show" id="SGG-yu-JXf"/>
                                            </connections>
                                        </barButtonItem>
                                    </navigationItem>
                                </items>
                            </navigationBar>
                            <button opaque="NO" contentMode="scaleToFill" fixedFrame="YES" contentHorizontalAlignment="center" contentVerticalAlignment="center" buttonType="roundedRect" lineBreakMode="middleTruncation" translatesAutoresizingMaskIntoConstraints="NO" id="AdO-Qm-Lck">
                                <rect key="frame" x="116" y="86" width="143" height="30"/>
                                <autoresizingMask key="autoresizingMask" flexibleMaxX="YES" flexibleMaxY="YES"/>
                                <state key="normal" title="Load Member Profile"/>
                                <connections>
                                    <action selector="loadMemberProfileButtonTapped:" destination="A98-Zc-jP6" eventType="touchUpInside" id="LJj-Ub-MTJ"/>
                                </connections>
                            </button>
                            <label opaque="NO" userInteractionEnabled="NO" contentMode="left" horizontalHuggingPriority="251" verticalHuggingPriority="251" fixedFrame="YES" text="Full Name:" textAlignment="natural" lineBreakMode="tailTruncation" baselineAdjustment="alignBaselines" adjustsFontSizeToFit="NO" translatesAutoresizingMaskIntoConstraints="NO" id="EzF-M9-Uu0">
                                <rect key="frame" x="16" y="116" width="343" height="21"/>
                                <autoresizingMask key="autoresizingMask" flexibleMaxX="YES" flexibleMaxY="YES"/>
                                <fontDescription key="fontDescription" type="system" pointSize="17"/>
                                <nil key="textColor"/>
                                <nil key="highlightedColor"/>
                            </label>
                        </subviews>
                        <color key="backgroundColor" white="1" alpha="1" colorSpace="custom" customColorSpace="genericGamma22GrayColorSpace"/>
                        <viewLayoutGuide key="safeArea" id="Scr-gU-qLK"/>
                    </view>
                    <connections>
                        <outlet property="userFullNameLabel" destination="EzF-M9-Uu0" id="7re-Ld-dkC"/>
                    </connections>
                </viewController>
                <placeholder placeholderIdentifier="IBFirstResponder" id="oGW-LH-CTw" userLabel="First Responder" sceneMemberID="firstResponder"/>
            </objects>
            <point key="canvasLocation" x="1444" y="133.5832083958021"/>
        </scene>
    </scenes>
</document>
